[
    {
        "Position" : [
            {
                "X": 5,
                "Y": 5
            }
        ],
        "PatrolPoints":[
            {
                "X": 5,
                "Y": 5
            },
            {
                "X": 2,
                "Y": 2
            }
        ],
        "Speed" : 2
    },
    {
        "Position" : [
            {
                "X": 1,
                "Y": 1
            }
        ],
        "PatrolPoints":[
            {
                "X": 1,
                "Y": 1
            },
            {
                "X": 9,
                "Y": 1
            }
        ],
        "Speed" : 2
    },
    {
        "Position" : [
            {
                "X": 9,
                "Y": 9
            }
        ],
        "PatrolPoints":[
            {
                "X": 9,
                "Y": 9
            },
            {
                "X": 9,
                "Y": 1
            }
        ],
        "Speed" : 2
    }
]