[
    {
        "CurrentLevelConfig": {
            "LevelId": 1,
            "LevelName": "Level1",
            "ItemCount": 5,
            "EnemyCount": 1,
            "TimeLimit": 60,
            "MapSize": [
                {
                    "X": 10,
                    "Y": 10
                }
            ],
            "SceneName": "Level1",
            "EnemySpeed": 2,
            "EnemyPattern": 1,
            "PerfectTimeBonus": 10,
            "NoDamageBonus": 500
        },
        "ItemPositions": [
            {
                "X": 5,
                "Y": 5
            },
            {
                "X": 2,
                "Y": 2
            },
            {
                "X": 8,
                "Y": 8
            },
            {
                "X": 4,
                "Y": 2
            },
            {
                "X": 6,
                "Y": 4
            }
        ],
        "Enemies": [
            {
                "Position": [
                    {
                        "X": 5,
                        "Y": 5
                    }
                ],
                "PatrolPoints": [
                    {
                        "X": 5,
                        "Y": 5
                    },
                    {
                        "X": 2,
                        "Y": 2
                    }
                ],
                "Speed": 2,
                "EnemyObject": "Enemy"
            }
        ],
        "ObstaclePositions": [
            {
                "X": 3,
                "Y": 3
            },
            {
                "X": 7,
                "Y": 7
            }
        ]
    },
    {
        "CurrentLevelConfig": {
            "LevelId": 2,
            "LevelName": "Level2",
            "ItemCount": 8,
            "EnemyCount": 2,
            "TimeLimit": 50,
            "MapSize": [
                {
                    "X": 12,
                    "Y": 12
                }
            ],
            "SceneName": "Level2",
            "EnemySpeed": 2,
            "EnemyPattern": 1,
            "PerfectTimeBonus": 10,
            "NoDamageBonus": 500
        },
        "ItemPositions": [
            {
                "X": 3,
                "Y": 3
            },
            {
                "X": 2,
                "Y": 2
            },
            {
                "X": 4,
                "Y": 4
            },
            {
                "X": 5,
                "Y": 5
            },
            {
                "X": 6,
                "Y": 6
            },
            {
                "X": 7,
                "Y": 7
            },
            {
                "X": 8,
                "Y": 8
            },
            {
                "X": 9,
                "Y": 9
            }
        ],
        "Enemies": [
            {
                "Position": [
                    {
                        "X": 5,
                        "Y": 5
                    }
                ],
                "PatrolPoints": [
                    {
                        "X": 5,
                        "Y": 5
                    },
                    {
                        "X": 2,
                        "Y": 2
                    }
                ],
                "Speed": 2,
                "EnemyObject": "Enemy"
            },
            {
                "Position": [
                    {
                        "X": 1,
                        "Y": 9
                    }
                ],
                "PatrolPoints": [
                    {
                        "X": 9,
                        "Y": 9
                    },
                    {
                        "X": 1,
                        "Y": 9
                    }
                ],
                "Speed": 2,
                "EnemyObject": "Enemy"
            }
        ],
        "ObstaclePositions": [
            {
                "X": 5,
                "Y": 3
            },
            {
                "X": 8,
                "Y": 2
            }
        ]
    },
    {
        "CurrentLevelConfig": {
            "LevelId": 3,
            "LevelName": "Level3",
            "ItemCount": 12,
            "EnemyCount": 3,
            "TimeLimit": 45,
            "MapSize": [
                {
                    "X": 15,
                    "Y": 15
                }
            ],
            "SceneName": "Level3",
            "EnemySpeed": 3,
            "EnemyPattern": 1,
            "PerfectTimeBonus": 10,
            "NoDamageBonus": 500
        },
        "ItemPositions": [
            {
                "X": 3,
                "Y": 3
            },
            {
                "X": 2,
                "Y": 2
            },
            {
                "X": 4,
                "Y": 4
            },
            {
                "X": 5,
                "Y": 5
            },
            {
                "X": 6,
                "Y": 6
            },
            {
                "X": 7,
                "Y": 7
            },
            {
                "X": 8,
                "Y": 8
            },
            {
                "X": 9,
                "Y": 9
            },
            {
                "X": 2,
                "Y": 4
            },
            {
                "X": 4,
                "Y": 7
            },
            {
                "X": 5,
                "Y": 1
            },
            {
                "X": 10,
                "Y": 3
            }
        ],
        "Enemies": [
            {
                "Position": [
                    {
                        "X": 5,
                        "Y": 5
                    }
                ],
                "PatrolPoints": [
                    {
                        "X": 5,
                        "Y": 5
                    },
                    {
                        "X": 2,
                        "Y": 2
                    }
                ],
                "Speed": 2,
                "EnemyObject": "Enemy"
            },
            {
                "Position": [
                    {
                        "X": 1,
                        "Y": 9
                    }
                ],
                "PatrolPoints": [
                    {
                        "X": 9,
                        "Y": 9
                    },
                    {
                        "X": 1,
                        "Y": 9
                    }
                ],
                "Speed": 2,
                "EnemyObject": "Enemy"
            },
            {
                "Position": [
                    {
                        "X": 3,
                        "Y": 2
                    }
                ],
                "PatrolPoints": [
                    {
                        "X": 10,
                        "Y": 2
                    },
                    {
                        "X": 3,
                        "Y": 2
                    }
                ],
                "Speed": 2,
                "EnemyObject": "Enemy"
            }
        ],
        "ObstaclePositions": [
            {
                "X": 9,
                "Y": 12
            },
            {
                "X": 10,
                "Y": 5
            },
            {
                "X":7,
                "Y":4
            }
        ]
    }
]